Timestamp,Ticker,State,Regime,Velocity,Entry_Vel,Decay_Pct,Heat,EQS,Action,Advisor_Msg,Last_Price,MFE,Exit_Reason,Replay_Mode
2023-11-15 03:43:00,BTC/USD,WAIT,LOW_VOL,0.0000,0,0%,0,-,WAIT,Scanning...,100000.0,-,-,TRUE
2023-11-15 03:43:02,BTC/USD,WAIT,LOW_VOL,0.0000,0,0%,0,-,WAIT,Scanning...,100025.01,-,-,TRUE
2023-11-15 03:43:04,BTC/USD,WAIT,LOW_VOL,0.0000,0,0%,0,-,WAIT,Scanning...,100050.02,-,-,TRUE
2023-11-15 03:43:06,BTC/USD,WAIT,LOW_VOL,0.0000,0,0%,0,-,WAIT,Scanning...,100075.03,-,-,TRUE
2023-11-15 03:43:08,BTC/USD,WAIT,LOW_VOL,0.0000,0,0%,0,-,WAIT,Scanning...,100100.04,-,-,TRUE
2023-11-15 03:43:10,BTC/USD,WAIT,LOW_VOL,0.0000,0,0%,0,-,WAIT,Scanning...,100125.04999999999,-,-,TRUE
2023-11-15 03:43:12,BTC/USD,WAIT,LOW_VOL,0.0000,0,0%,0,-,WAIT,Scanning...,100150.06,-,-,TRUE
2023-11-15 03:43:14,BTC/USD,WAIT,LOW_VOL,0.0000,0,0%,0,-,WAIT,Scanning...,100175.06999999999,-,-,TRUE
2023-11-15 03:43:16,BTC/USD,WAIT,LOW_VOL,0.0000,0,0%,0,-,WAIT,Scanning...,100200.07999999999,-,-,TRUE
2023-11-15 03:43:18,BTC/USD,ARM,LOW_VOL,0.2251,0,0%,0,-,WAIT,⚠️ Signal Building...,100225.09,-,-,TRUE
2023-11-15 03:43:20,BTC/USD,ARM,LOW_VOL,0.2250,0,0%,0,-,WAIT,⚠️ Signal Building...,100250.09999999999,-,-,TRUE
2023-11-15 03:43:22,BTC/USD,WAIT,LOW_VOL,0.1700,0,0%,0,-,WAIT,Scanning...,100220.09,-,-,TRUE
2023-11-15 03:43:24,BTC/USD,WAIT,LOW_VOL,0.1150,0,0%,0,-,WAIT,Scanning...,100190.07999999999,-,-,TRUE
2023-11-15 03:43:26,BTC/USD,WAIT,LOW_VOL,0.0600,0,0%,0,-,WAIT,Scanning...,100160.06999999999,-,-,TRUE
2023-11-15 03:43:28,BTC/USD,WAIT,LOW_VOL,0.0050,0,0%,0,-,WAIT,Scanning...,100130.06,-,-,TRUE
2023-11-15 03:43:30,BTC/USD,WAIT,LOW_VOL,-0.0499,0,0%,0,-,WAIT,Scanning...,100100.04999999999,-,-,TRUE
2023-11-15 03:43:32,BTC/USD,WAIT,LOW_VOL,-0.1048,0,0%,0,-,WAIT,Scanning...,100070.04,-,-,TRUE
2023-11-15 03:43:34,BTC/USD,ARM,LOW_VOL,-0.1597,0,0%,0,-,WAIT,⚠️ Signal Building...,100040.03,-,-,TRUE
2023-11-15 03:43:36,BTC/USD,ARM,LOW_VOL,-0.2146,0,0%,0,-,WAIT,⚠️ Signal Building...,100010.02,-,-,TRUE
2023-11-15 03:43:38,BTC/USD,WAIT,LOW_VOL,-0.2694,0,0%,0,-,WAIT,Scanning...,99980.01,-,-,TRUE
2023-11-15 03:43:40,BTC/USD,ARM,LOW_VOL,-0.2695,0,0%,0,-,WAIT,⚠️ Signal Building...,99950.0,-,-,TRUE
2023-11-15 03:43:42,BTC/USD,ARM,LOW_VOL,-0.2147,0,0%,0,-,WAIT,⚠️ Signal Building...,99975.0,-,-,TRUE
2023-11-15 03:43:44,BTC/USD,WAIT,LOW_VOL,-0.1598,0,0%,0,-,WAIT,Scanning...,100000.0,-,-,TRUE
2023-11-15 03:43:46,BTC/USD,WAIT,LOW_VOL,-0.1049,0,0%,0,-,WAIT,Scanning...,100025.0,-,-,TRUE
2023-11-15 03:43:48,BTC/USD,WAIT,LOW_VOL,-0.0500,0,0%,0,-,WAIT,Scanning...,100050.0,-,-,TRUE
2023-11-15 03:43:50,BTC/USD,WAIT,LOW_VOL,0.0050,0,0%,0,-,WAIT,Scanning...,100075.0,-,-,TRUE
2023-11-15 03:43:52,BTC/USD,WAIT,LOW_VOL,0.0599,0,0%,0,-,WAIT,Scanning...,100100.0,-,-,TRUE
2023-11-15 03:43:54,BTC/USD,WAIT,LOW_VOL,0.1150,0,0%,0,-,WAIT,Scanning...,100125.0,-,-,TRUE
2023-11-15 03:43:56,BTC/USD,ARM,LOW_VOL,0.1700,0,0%,0,-,WAIT,⚠️ Signal Building...,100150.0,-,-,TRUE
2023-11-15 03:43:58,BTC/USD,ARM,LOW_VOL,0.2251,0,0%,0,-,WAIT,⚠️ Signal Building...,100175.0,-,-,TRUE
2023-11-15 03:44:00,BTC/USD,WAIT,LOW_VOL,0.2251,0,0%,0,-,WAIT,Scanning...,100200.0,-,-,TRUE
2023-11-15 03:44:02,BTC/USD,ARM,LOW_VOL,0.2251,0,0%,0,-,WAIT,⚠️ Signal Building...,100225.06002,-,-,TRUE
2023-11-15 03:44:04,BTC/USD,ARM,LOW_VOL,0.2251,0,0%,0,-,WAIT,⚠️ Signal Building...,100250.12004,-,-,TRUE
2023-11-15 03:44:06,BTC/USD,WAIT,LOW_VOL,0.2251,0,0%,0,-,WAIT,Scanning...,100275.18006,-,-,TRUE
2023-11-15 03:44:08,BTC/USD,ARM,LOW_VOL,0.2251,0,0%,0,-,WAIT,⚠️ Signal Building...,100300.24007999999,-,-,TRUE
2023-11-15 03:44:10,BTC/USD,ARM,LOW_VOL,0.2251,0,0%,0,-,WAIT,⚠️ Signal Building...,100325.3001,-,-,TRUE
2023-11-15 03:44:12,BTC/USD,WAIT,LOW_VOL,0.2251,0,0%,0,-,WAIT,Scanning...,100350.36012,-,-,TRUE
2023-11-15 03:44:14,BTC/USD,ARM,LOW_VOL,0.2251,0,0%,0,-,WAIT,⚠️ Signal Building...,100375.42013999999,-,-,TRUE
2023-11-15 03:44:16,BTC/USD,ARM,LOW_VOL,0.2251,0,0%,0,-,WAIT,⚠️ Signal Building...,100400.48015999999,-,-,TRUE
2023-11-15 03:44:18,BTC/USD,WAIT,LOW_VOL,0.2251,0,0%,0,-,WAIT,Scanning...,100425.54017999998,-,-,TRUE
2023-11-15 03:44:20,BTC/USD,ARM,LOW_VOL,0.2250,0,0%,0,-,WAIT,⚠️ Signal Building...,100450.60019999999,-,-,TRUE
2023-11-15 03:44:22,BTC/USD,WAIT,LOW_VOL,0.1700,0,0%,0,-,WAIT,Scanning...,100420.53017999999,-,-,TRUE
2023-11-15 03:44:24,BTC/USD,WAIT,LOW_VOL,0.1150,0,0%,0,-,WAIT,Scanning...,100390.46015999999,-,-,TRUE
2023-11-15 03:44:26,BTC/USD,WAIT,LOW_VOL,0.0600,0,0%,0,-,WAIT,Scanning...,100360.39013999999,-,-,TRUE
2023-11-15 03:44:28,BTC/USD,WAIT,LOW_VOL,0.0050,0,0%,0,-,WAIT,Scanning...,100330.32011999999,-,-,TRUE
2023-11-15 03:44:30,BTC/USD,WAIT,LOW_VOL,-0.0499,0,0%,0,-,WAIT,Scanning...,100300.2501,-,-,TRUE
2023-11-15 03:44:32,BTC/USD,WAIT,LOW_VOL,-0.1048,0,0%,0,-,WAIT,Scanning...,100270.18008,-,-,TRUE
2023-11-15 03:44:34,BTC/USD,ARM,LOW_VOL,-0.1597,0,0%,0,-,WAIT,⚠️ Signal Building...,100240.11006,-,-,TRUE
2023-11-15 03:44:36,BTC/USD,ARM,LOW_VOL,-0.2146,0,0%,0,-,WAIT,⚠️ Signal Building...,100210.04004,-,-,TRUE
2023-11-15 03:44:38,BTC/USD,WAIT,LOW_VOL,-0.2694,0,0%,0,-,WAIT,Scanning...,100179.97002000001,-,-,TRUE
2023-11-15 03:44:40,BTC/USD,ARM,LOW_VOL,-0.2695,0,0%,0,-,WAIT,⚠️ Signal Building...,100149.90000000001,-,-,TRUE
2023-11-15 03:44:42,BTC/USD,ARM,LOW_VOL,-0.2147,0,0%,0,-,WAIT,⚠️ Signal Building...,100174.95000000001,-,-,TRUE
2023-11-15 03:44:44,BTC/USD,WAIT,LOW_VOL,-0.1598,0,0%,0,-,WAIT,Scanning...,100200.0,-,-,TRUE
2023-11-15 03:44:46,BTC/USD,WAIT,LOW_VOL,-0.1049,0,0%,0,-,WAIT,Scanning...,100225.05,-,-,TRUE
2023-11-15 03:44:48,BTC/USD,WAIT,LOW_VOL,-0.0500,0,0%,0,-,WAIT,Scanning...,100250.1,-,-,TRUE
2023-11-15 03:44:50,BTC/USD,WAIT,LOW_VOL,0.0050,0,0%,0,-,WAIT,Scanning...,100275.15,-,-,TRUE
2023-11-15 03:44:52,BTC/USD,WAIT,LOW_VOL,0.0599,0,0%,0,-,WAIT,Scanning...,100300.2,-,-,TRUE
2023-11-15 03:44:54,BTC/USD,WAIT,LOW_VOL,0.1150,0,0%,0,-,WAIT,Scanning...,100325.25,-,-,TRUE
2023-11-15 03:44:56,BTC/USD,ARM,LOW_VOL,0.1700,0,0%,0,-,WAIT,⚠️ Signal Building...,100350.3,-,-,TRUE
2023-11-15 03:44:58,BTC/USD,ARM,LOW_VOL,0.2251,0,0%,0,-,WAIT,⚠️ Signal Building...,100375.34999999999,-,-,TRUE
2023-11-15 03:45:00,BTC/USD,WAIT,LOW_VOL,0.2251,0,0%,0,-,WAIT,Scanning...,100400.4,-,-,TRUE
2023-11-15 03:45:02,BTC/USD,ARM,LOW_VOL,0.2251,0,0%,0,-,WAIT,⚠️ Signal Building...,100425.51014003999,-,-,TRUE
2023-11-15 03:45:04,BTC/USD,ARM,LOW_VOL,0.2251,0,0%,0,-,WAIT,⚠️ Signal Building...,100450.62028008,-,-,TRUE
2023-11-15 03:45:06,BTC/USD,WAIT,LOW_VOL,0.2251,0,0%,0,-,WAIT,Scanning...,100475.73042011999,-,-,TRUE
2023-11-15 03:45:08,BTC/USD,ARM,LOW_VOL,0.2251,0,0%,0,-,WAIT,⚠️ Signal Building...,100500.84056016,-,-,TRUE
2023-11-15 03:45:10,BTC/USD,ARM,LOW_VOL,0.2251,0,0%,0,-,WAIT,⚠️ Signal Building...,100525.95070019999,-,-,TRUE
2023-11-15 03:45:12,BTC/USD,WAIT,LOW_VOL,0.2251,0,0%,0,-,WAIT,Scanning...,100551.06084023998,-,-,TRUE
2023-11-15 03:45:14,BTC/USD,ARM,LOW_VOL,0.2251,0,0%,0,-,WAIT,⚠️ Signal Building...,100576.17098027999,-,-,TRUE
2023-11-15 03:45:16,BTC/USD,ARM,LOW_VOL,0.2251,0,0%,0,-,WAIT,⚠️ Signal Building...,100601.28112031998,-,-,TRUE
2023-11-15 03:45:18,BTC/USD,WAIT,LOW_VOL,0.2251,0,0%,0,-,WAIT,Scanning...,100626.39126035999,-,-,TRUE
2023-11-15 03:45:20,BTC/USD,ARM,LOW_VOL,0.2250,0,0%,0,-,WAIT,⚠️ Signal Building...,100651.50140039998,-,-,TRUE
2023-11-15 03:45:22,BTC/USD,WAIT,LOW_VOL,0.1700,0,0%,0,-,WAIT,Scanning...,100621.37124035998,-,-,TRUE
2023-11-15 03:45:24,BTC/USD,WAIT,LOW_VOL,0.1150,0,0%,0,-,WAIT,Scanning...,100591.24108031999,-,-,TRUE
2023-11-15 03:45:26,BTC/USD,WAIT,LOW_VOL,0.0600,0,0%,0,-,WAIT,Scanning...,100561.11092027999,-,-,TRUE
2023-11-15 03:45:28,BTC/USD,WAIT,LOW_VOL,0.0050,0,0%,0,-,WAIT,Scanning...,100530.98076024,-,-,TRUE
2023-11-15 03:45:30,BTC/USD,WAIT,LOW_VOL,-0.0499,0,0%,0,-,WAIT,Scanning...,100500.85060019999,-,-,TRUE
2023-11-15 03:45:32,BTC/USD,WAIT,LOW_VOL,-0.1048,0,0%,0,-,WAIT,Scanning...,100470.72044015999,-,-,TRUE
2023-11-15 03:45:34,BTC/USD,ARM,LOW_VOL,-0.1597,0,0%,0,-,WAIT,⚠️ Signal Building...,100440.59028012,-,-,TRUE
2023-11-15 03:45:36,BTC/USD,ARM,LOW_VOL,-0.2146,0,0%,0,-,WAIT,⚠️ Signal Building...,100410.46012008,-,-,TRUE
2023-11-15 03:45:38,BTC/USD,WAIT,LOW_VOL,-0.2694,0,0%,0,-,WAIT,Scanning...,100380.32996004,-,-,TRUE
2023-11-15 03:45:40,BTC/USD,ARM,LOW_VOL,-0.2695,0,0%,0,-,WAIT,⚠️ Signal Building...,100350.1998,-,-,TRUE
2023-11-15 03:45:42,BTC/USD,ARM,LOW_VOL,-0.2147,0,0%,0,-,WAIT,⚠️ Signal Building...,100375.2999,-,-,TRUE
2023-11-15 03:45:44,BTC/USD,WAIT,LOW_VOL,-0.1598,0,0%,0,-,WAIT,Scanning...,100400.4,-,-,TRUE
2023-11-15 03:45:46,BTC/USD,WAIT,LOW_VOL,-0.1049,0,0%,0,-,WAIT,Scanning...,100425.5001,-,-,TRUE
2023-11-15 03:45:48,BTC/USD,WAIT,LOW_VOL,-0.0500,0,0%,0,-,WAIT,Scanning...,100450.6002,-,-,TRUE
2023-11-15 03:45:50,BTC/USD,WAIT,LOW_VOL,0.0050,0,0%,0,-,WAIT,Scanning...,100475.7003,-,-,TRUE
2023-11-15 03:45:52,BTC/USD,WAIT,LOW_VOL,0.0599,0,0%,0,-,WAIT,Scanning...,100500.8004,-,-,TRUE
2023-11-15 03:45:54,BTC/USD,WAIT,LOW_VOL,0.1150,0,0%,0,-,WAIT,Scanning...,100525.90049999999,-,-,TRUE
2023-11-15 03:45:56,BTC/USD,ARM,LOW_VOL,0.1700,0,0%,0,-,WAIT,⚠️ Signal Building...,100551.0006,-,-,TRUE
2023-11-15 03:45:58,BTC/USD,ARM,LOW_VOL,0.2251,0,0%,0,-,WAIT,⚠️ Signal Building...,100576.1007,-,-,TRUE
2023-11-15 03:46:00,BTC/USD,WAIT,LOW_VOL,0.2251,0,0%,0,-,WAIT,Scanning...,100601.20079999999,-,-,TRUE
2023-11-15 03:46:02,BTC/USD,ARM,LOW_VOL,0.2251,0,0%,0,-,WAIT,⚠️ Signal Building...,100626.36116032007,-,-,TRUE
2023-11-15 03:46:04,BTC/USD,ARM,LOW_VOL,0.2251,0,0%,0,-,WAIT,⚠️ Signal Building...,100651.52152064015,-,-,TRUE
2023-11-15 03:46:06,BTC/USD,WAIT,LOW_VOL,0.2251,0,0%,0,-,WAIT,Scanning...,100676.68188096023,-,-,TRUE
2023-11-15 03:46:08,BTC/USD,ARM,LOW_VOL,0.2251,0,0%,0,-,WAIT,⚠️ Signal Building...,100701.8422412803,-,-,TRUE
2023-11-15 03:46:10,BTC/USD,ARM,LOW_VOL,0.2251,0,0%,0,-,WAIT,⚠️ Signal Building...,100727.0026016004,-,-,TRUE
2023-11-15 03:46:12,BTC/USD,WAIT,LOW_VOL,0.2251,0,0%,0,-,WAIT,Scanning...,100752.16296192048,-,-,TRUE
2023-11-15 03:46:14,BTC/USD,ARM,LOW_VOL,0.2251,0,0%,0,-,WAIT,⚠️ Signal Building...,100777.32332224055,-,-,TRUE
2023-11-15 03:46:16,BTC/USD,ARM,LOW_VOL,0.2251,0,0%,0,-,WAIT,⚠️ Signal Building...,100802.48368256063,-,-,TRUE
2023-11-15 03:46:18,BTC/USD,WAIT,LOW_VOL,0.2251,0,0%,0,-,WAIT,Scanning...,100827.64404288071,-,-,TRUE
2023-11-15 03:46:20,BTC/USD,ARM,LOW_VOL,0.2250,0,0%,0,-,WAIT,⚠️ Signal Building...,100852.80440320079,-,-,TRUE
2023-11-15 03:46:22,BTC/USD,WAIT,LOW_VOL,0.1700,0,0%,0,-,WAIT,Scanning...,100822.6139828407,-,-,TRUE
2023-11-15 03:46:24,BTC/USD,WAIT,LOW_VOL,0.1150,0,0%,0,-,WAIT,Scanning...,100792.42356248063,-,-,TRUE
2023-11-15 03:46:26,BTC/USD,WAIT,LOW_VOL,0.0600,0,0%,0,-,WAIT,Scanning...,100762.23314212056,-,-,TRUE
2023-11-15 03:46:28,BTC/USD,WAIT,LOW_VOL,0.0050,0,0%,0,-,WAIT,Scanning...,100732.04272176047,-,-,TRUE
2023-11-15 03:46:30,BTC/USD,WAIT,LOW_VOL,-0.0499,0,0%,0,-,WAIT,Scanning...,100701.85230140039,-,-,TRUE
2023-11-15 03:46:32,BTC/USD,WAIT,LOW_VOL,-0.1048,0,0%,0,-,WAIT,Scanning...,100671.66188104032,-,-,TRUE
2023-11-15 03:46:34,BTC/USD,ARM,LOW_VOL,-0.1597,0,0%,0,-,WAIT,⚠️ Signal Building...,100641.47146068024,-,-,TRUE
2023-11-15 03:46:36,BTC/USD,ARM,LOW_VOL,-0.2146,0,0%,0,-,WAIT,⚠️ Signal Building...,100611.28104032016,-,-,TRUE
2023-11-15 03:46:38,BTC/USD,WAIT,LOW_VOL,-0.2694,0,0%,0,-,WAIT,Scanning...,100581.09061996007,-,-,TRUE
2023-11-15 03:46:40,BTC/USD,ARM,LOW_VOL,-0.2695,0,0%,0,-,WAIT,⚠️ Signal Building...,100550.9001996,-,-,TRUE
2023-11-15 03:46:42,BTC/USD,ARM,LOW_VOL,-0.2147,0,0%,0,-,WAIT,⚠️ Signal Building...,100576.0504998,-,-,TRUE
2023-11-15 03:46:44,BTC/USD,WAIT,LOW_VOL,-0.1598,0,0%,0,-,WAIT,Scanning...,100601.2008,-,-,TRUE
2023-11-15 03:46:46,BTC/USD,WAIT,LOW_VOL,-0.1049,0,0%,0,-,WAIT,Scanning...,100626.3511002,-,-,TRUE
2023-11-15 03:46:48,BTC/USD,WAIT,LOW_VOL,-0.0500,0,0%,0,-,WAIT,Scanning...,100651.5014004,-,-,TRUE
2023-11-15 03:46:50,BTC/USD,WAIT,LOW_VOL,0.0050,0,0%,0,-,WAIT,Scanning...,100676.65170059999,-,-,TRUE
2023-11-15 03:46:52,BTC/USD,WAIT,LOW_VOL,0.0599,0,0%,0,-,WAIT,Scanning...,100701.8020008,-,-,TRUE
2023-11-15 03:46:54,BTC/USD,WAIT,LOW_VOL,0.1150,0,0%,0,-,WAIT,Scanning...,100726.952301,-,-,TRUE
2023-11-15 03:46:56,BTC/USD,ARM,LOW_VOL,0.1700,0,0%,0,-,WAIT,⚠️ Signal Building...,100752.1026012,-,-,TRUE
2023-11-15 03:46:58,BTC/USD,ARM,LOW_VOL,0.2251,0,0%,0,-,WAIT,⚠️ Signal Building...,100777.2529014,-,-,TRUE
2023-11-15 03:47:00,BTC/USD,WAIT,LOW_VOL,0.2251,0,0%,0,-,WAIT,Scanning...,100802.4032016,-,-,TRUE
2023-11-15 03:47:02,BTC/USD,ARM,LOW_VOL,0.2251,0,0%,0,-,WAIT,⚠️ Signal Building...,100827.61388264071,-,-,TRUE
2023-11-15 03:47:04,BTC/USD,ARM,LOW_VOL,0.2251,0,0%,0,-,WAIT,⚠️ Signal Building...,100852.82456368144,-,-,TRUE
2023-11-15 03:47:06,BTC/USD,WAIT,LOW_VOL,0.2251,0,0%,0,-,WAIT,Scanning...,100878.03524472215,-,-,TRUE
2023-11-15 03:47:08,BTC/USD,ARM,LOW_VOL,0.2251,0,0%,0,-,WAIT,⚠️ Signal Building...,100903.24592576288,-,-,TRUE
2023-11-15 03:47:10,BTC/USD,ARM,LOW_VOL,0.2251,0,0%,0,-,WAIT,⚠️ Signal Building...,100928.4566068036,-,-,TRUE
2023-11-15 03:47:12,BTC/USD,WAIT,LOW_VOL,0.2251,0,0%,0,-,WAIT,Scanning...,100953.6672878443,-,-,TRUE
2023-11-15 03:47:14,BTC/USD,ARM,LOW_VOL,0.2251,0,0%,0,-,WAIT,⚠️ Signal Building...,100978.87796888503,-,-,TRUE
2023-11-15 03:47:16,BTC/USD,ARM,LOW_VOL,0.2251,0,0%,0,-,WAIT,⚠️ Signal Building...,101004.08864992575,-,-,TRUE
2023-11-15 03:47:18,BTC/USD,WAIT,LOW_VOL,0.2251,0,0%,0,-,WAIT,Scanning...,101029.29933096647,-,-,TRUE
2023-11-15 03:47:20,BTC/USD,ARM,LOW_VOL,0.2250,0,0%,0,-,WAIT,⚠️ Signal Building...,101054.51001200719,-,-,TRUE
2023-11-15 03:47:22,BTC/USD,WAIT,LOW_VOL,0.1700,0,0%,0,-,WAIT,Scanning...,101024.25921080638,-,-,TRUE
2023-11-15 03:47:24,BTC/USD,WAIT,LOW_VOL,0.1150,0,0%,0,-,WAIT,Scanning...,100994.0084096056,-,-,TRUE
2023-11-15 03:47:26,BTC/USD,WAIT,LOW_VOL,0.0600,0,0%,0,-,WAIT,Scanning...,100963.75760840479,-,-,TRUE
2023-11-15 03:47:28,BTC/USD,WAIT,LOW_VOL,0.0050,0,0%,0,-,WAIT,Scanning...,100933.506807204,-,-,TRUE
2023-11-15 03:47:30,BTC/USD,WAIT,LOW_VOL,-0.0499,0,0%,0,-,WAIT,Scanning...,100903.2560060032,-,-,TRUE
2023-11-15 03:47:32,BTC/USD,WAIT,LOW_VOL,-0.1048,0,0%,0,-,WAIT,Scanning...,100873.0052048024,-,-,TRUE
2023-11-15 03:47:34,BTC/USD,ARM,LOW_VOL,-0.1597,0,0%,0,-,WAIT,⚠️ Signal Building...,100842.7544036016,-,-,TRUE
2023-11-15 03:47:36,BTC/USD,ARM,LOW_VOL,-0.2146,0,0%,0,-,WAIT,⚠️ Signal Building...,100812.5036024008,-,-,TRUE
2023-11-15 03:47:38,BTC/USD,WAIT,LOW_VOL,-0.2694,0,0%,0,-,WAIT,Scanning...,100782.25280120001,-,-,TRUE
2023-11-15 03:47:40,BTC/USD,ARM,LOW_VOL,-0.2695,0,0%,0,-,WAIT,⚠️ Signal Building...,100752.00199999921,-,-,TRUE
2023-11-15 03:47:42,BTC/USD,ARM,LOW_VOL,-0.2147,0,0%,0,-,WAIT,⚠️ Signal Building...,100777.2026007996,-,-,TRUE
2023-11-15 03:47:44,BTC/USD,WAIT,LOW_VOL,-0.1598,0,0%,0,-,WAIT,Scanning...,100802.4032016,-,-,TRUE
2023-11-15 03:47:46,BTC/USD,WAIT,LOW_VOL,-0.1049,0,0%,0,-,WAIT,Scanning...,100827.60380240041,-,-,TRUE
2023-11-15 03:47:48,BTC/USD,WAIT,LOW_VOL,-0.0500,0,0%,0,-,WAIT,Scanning...,100852.8044032008,-,-,TRUE
2023-11-15 03:47:50,BTC/USD,WAIT,LOW_VOL,0.0050,0,0%,0,-,WAIT,Scanning...,100878.0050040012,-,-,TRUE
2023-11-15 03:47:52,BTC/USD,WAIT,LOW_VOL,0.0599,0,0%,0,-,WAIT,Scanning...,100903.2056048016,-,-,TRUE
2023-11-15 03:47:54,BTC/USD,WAIT,LOW_VOL,0.1150,0,0%,0,-,WAIT,Scanning...,100928.40620560199,-,-,TRUE
2023-11-15 03:47:56,BTC/USD,ARM,LOW_VOL,0.1700,0,0%,0,-,WAIT,⚠️ Signal Building...,100953.6068064024,-,-,TRUE
2023-11-15 03:47:58,BTC/USD,ARM,LOW_VOL,0.2251,0,0%,0,-,WAIT,⚠️ Signal Building...,100978.8074072028,-,-,TRUE
2023-11-15 03:48:00,BTC/USD,WAIT,LOW_VOL,0.2251,0,0%,0,-,WAIT,Scanning...,101004.00800800319,-,-,TRUE
2023-11-15 03:48:02,BTC/USD,ARM,LOW_VOL,0.2251,0,0%,0,-,WAIT,⚠️ Signal Building...,101029.26911040599,-,-,TRUE
2023-11-15 03:48:04,BTC/USD,ARM,LOW_VOL,0.2251,0,0%,0,-,WAIT,⚠️ Signal Building...,101054.5302128088,-,-,TRUE
2023-11-15 03:48:06,BTC/USD,WAIT,LOW_VOL,0.2251,0,0%,0,-,WAIT,Scanning...,101079.7913152116,-,-,TRUE
2023-11-15 03:48:08,BTC/USD,ARM,LOW_VOL,0.2251,0,0%,0,-,WAIT,⚠️ Signal Building...,101105.0524176144,-,-,TRUE
2023-11-15 03:48:10,BTC/USD,ARM,LOW_VOL,0.2251,0,0%,0,-,WAIT,⚠️ Signal Building...,101130.3135200172,-,-,TRUE
2023-11-15 03:48:12,BTC/USD,WAIT,LOW_VOL,0.2251,0,0%,0,-,WAIT,Scanning...,101155.57462242,-,-,TRUE
2023-11-15 03:48:14,BTC/USD,ARM,LOW_VOL,0.2251,0,0%,0,-,WAIT,⚠️ Signal Building...,101180.8357248228,-,-,TRUE
2023-11-15 03:48:16,BTC/USD,ARM,LOW_VOL,0.2251,0,0%,0,-,WAIT,⚠️ Signal Building...,101206.0968272256,-,-,TRUE
2023-11-15 03:48:18,BTC/USD,WAIT,LOW_VOL,0.2251,0,0%,0,-,WAIT,Scanning...,101231.3579296284,-,-,TRUE
2023-11-15 03:48:20,BTC/USD,ARM,LOW_VOL,0.2250,0,0%,0,-,WAIT,⚠️ Signal Building...,101256.6190320312,-,-,TRUE
2023-11-15 03:48:22,BTC/USD,WAIT,LOW_VOL,0.1700,0,0%,0,-,WAIT,Scanning...,101226.307729228,-,-,TRUE
2023-11-15 03:48:24,BTC/USD,WAIT,LOW_VOL,0.1150,0,0%,0,-,WAIT,Scanning...,101195.9964264248,-,-,TRUE
2023-11-15 03:48:26,BTC/USD,WAIT,LOW_VOL,0.0600,0,0%,0,-,WAIT,Scanning...,101165.6851236216,-,-,TRUE
2023-11-15 03:48:28,BTC/USD,WAIT,LOW_VOL,0.0050,0,0%,0,-,WAIT,Scanning...,101135.3738208184,-,-,TRUE
2023-11-15 03:48:30,BTC/USD,WAIT,LOW_VOL,-0.0499,0,0%,0,-,WAIT,Scanning...,101105.0625180152,-,-,TRUE
2023-11-15 03:48:32,BTC/USD,WAIT,LOW_VOL,-0.1048,0,0%,0,-,WAIT,Scanning...,101074.751215212,-,-,TRUE
2023-11-15 03:48:34,BTC/USD,ARM,LOW_VOL,-0.1597,0,0%,0,-,WAIT,⚠️ Signal Building...,101044.4399124088,-,-,TRUE
2023-11-15 03:48:36,BTC/USD,ARM,LOW_VOL,-0.2146,0,0%,0,-,WAIT,⚠️ Signal Building...,101014.1286096056,-,-,TRUE
2023-11-15 03:48:38,BTC/USD,WAIT,LOW_VOL,-0.2694,0,0%,0,-,WAIT,Scanning...,100983.81730680239,-,-,TRUE
2023-11-15 03:48:40,BTC/USD,ARM,LOW_VOL,-0.2695,0,0%,0,-,WAIT,⚠️ Signal Building...,100953.5060039992,-,-,TRUE
2023-11-15 03:48:42,BTC/USD,ARM,LOW_VOL,-0.2147,0,0%,0,-,WAIT,⚠️ Signal Building...,100978.7570060012,-,-,TRUE
2023-11-15 03:48:44,BTC/USD,WAIT,LOW_VOL,-0.1598,0,0%,0,-,WAIT,Scanning...,101004.00800800319,-,-,TRUE
2023-11-15 03:48:46,BTC/USD,WAIT,LOW_VOL,-0.1049,0,0%,0,-,WAIT,Scanning...,101029.25901000519,-,-,TRUE
2023-11-15 03:48:48,BTC/USD,WAIT,LOW_VOL,-0.0500,0,0%,0,-,WAIT,Scanning...,101054.51001200719,-,-,TRUE
2023-11-15 03:48:50,BTC/USD,WAIT,LOW_VOL,0.0050,0,0%,0,-,WAIT,Scanning...,101079.76101400919,-,-,TRUE
2023-11-15 03:48:52,BTC/USD,WAIT,LOW_VOL,0.0599,0,0%,0,-,WAIT,Scanning...,101105.0120160112,-,-,TRUE
2023-11-15 03:48:54,BTC/USD,WAIT,LOW_VOL,0.1150,0,0%,0,-,WAIT,Scanning...,101130.2630180132,-,-,TRUE
2023-11-15 03:48:56,BTC/USD,ARM,LOW_VOL,0.1700,0,0%,0,-,WAIT,⚠️ Signal Building...,101155.5140200152,-,-,TRUE
2023-11-15 03:48:58,BTC/USD,ARM,LOW_VOL,0.2251,0,0%,0,-,WAIT,⚠️ Signal Building...,101180.76502201719,-,-,TRUE
2023-11-15 03:49:00,BTC/USD,WAIT,LOW_VOL,0.2251,0,0%,0,-,WAIT,Scanning...,101206.01602401919,-,-,TRUE
2023-11-15 03:49:02,BTC/USD,ARM,LOW_VOL,0.2251,0,0%,0,-,WAIT,⚠️ Signal Building...,101231.3276486268,-,-,TRUE
2023-11-15 03:49:04,BTC/USD,ARM,LOW_VOL,0.2251,0,0%,0,-,WAIT,⚠️ Signal Building...,101256.63927323441,-,-,TRUE
2023-11-15 03:49:06,BTC/USD,WAIT,LOW_VOL,0.2251,0,0%,0,-,WAIT,Scanning...,101281.950897842,-,-,TRUE
2023-11-15 03:49:08,BTC/USD,ARM,LOW_VOL,0.2251,0,0%,0,-,WAIT,⚠️ Signal Building...,101307.26252244962,-,-,TRUE
2023-11-15 03:49:10,BTC/USD,ARM,LOW_VOL,0.2251,0,0%,0,-,WAIT,⚠️ Signal Building...,101332.57414705722,-,-,TRUE
2023-11-15 03:49:12,BTC/USD,WAIT,LOW_VOL,0.2251,0,0%,0,-,WAIT,Scanning...,101357.88577166483,-,-,TRUE
2023-11-15 03:49:14,BTC/USD,ARM,LOW_VOL,0.2251,0,0%,0,-,WAIT,⚠️ Signal Building...,101383.19739627244,-,-,TRUE
2023-11-15 03:49:16,BTC/USD,ARM,LOW_VOL,0.2251,0,0%,0,-,WAIT,⚠️ Signal Building...,101408.50902088004,-,-,TRUE
2023-11-15 03:49:18,BTC/USD,WAIT,LOW_VOL,0.2251,0,0%,0,-,WAIT,Scanning...,101433.82064548765,-,-,TRUE
2023-11-15 03:49:20,BTC/USD,ARM,LOW_VOL,0.2250,0,0%,0,-,WAIT,⚠️ Signal Building...,101459.13227009526,-,-,TRUE
2023-11-15 03:49:22,BTC/USD,WAIT,LOW_VOL,0.1700,0,0%,0,-,WAIT,Scanning...,101428.76034468645,-,-,TRUE
2023-11-15 03:49:24,BTC/USD,WAIT,LOW_VOL,0.1150,0,0%,0,-,WAIT,Scanning...,101398.38841927765,-,-,TRUE
2023-11-15 03:49:26,BTC/USD,WAIT,LOW_VOL,0.0600,0,0%,0,-,WAIT,Scanning...,101368.01649386884,-,-,TRUE
2023-11-15 03:49:28,BTC/USD,WAIT,LOW_VOL,0.0050,0,0%,0,-,WAIT,Scanning...,101337.64456846003,-,-,TRUE
2023-11-15 03:49:30,BTC/USD,WAIT,LOW_VOL,-0.0499,0,0%,0,-,WAIT,Scanning...,101307.27264305123,-,-,TRUE
2023-11-15 03:49:32,BTC/USD,WAIT,LOW_VOL,-0.1048,0,0%,0,-,WAIT,Scanning...,101276.9007176424,-,-,TRUE
2023-11-15 03:49:34,BTC/USD,ARM,LOW_VOL,-0.1597,0,0%,0,-,WAIT,⚠️ Signal Building...,101246.5287922336,-,-,TRUE
2023-11-15 03:49:36,BTC/USD,ARM,LOW_VOL,-0.2146,0,0%,0,-,WAIT,⚠️ Signal Building...,101216.1568668248,-,-,TRUE
2023-11-15 03:49:38,BTC/USD,WAIT,LOW_VOL,-0.2694,0,0%,0,-,WAIT,Scanning...,101185.78494141599,-,-,TRUE
2023-11-15 03:49:40,BTC/USD,ARM,LOW_VOL,-0.2695,0,0%,0,-,WAIT,⚠️ Signal Building...,101155.41301600718,-,-,TRUE
2023-11-15 03:49:42,BTC/USD,ARM,LOW_VOL,-0.2147,0,0%,0,-,WAIT,⚠️ Signal Building...,101180.71452001319,-,-,TRUE
2023-11-15 03:49:44,BTC/USD,WAIT,LOW_VOL,-0.1598,0,0%,0,-,WAIT,Scanning...,101206.01602401919,-,-,TRUE
2023-11-15 03:49:46,BTC/USD,WAIT,LOW_VOL,-0.1049,0,0%,0,-,WAIT,Scanning...,101231.31752802519,-,-,TRUE
2023-11-15 03:49:48,BTC/USD,WAIT,LOW_VOL,-0.0500,0,0%,0,-,WAIT,Scanning...,101256.6190320312,-,-,TRUE
2023-11-15 03:49:50,BTC/USD,WAIT,LOW_VOL,0.0050,0,0%,0,-,WAIT,Scanning...,101281.92053603721,-,-,TRUE
2023-11-15 03:49:52,BTC/USD,WAIT,LOW_VOL,0.0599,0,0%,0,-,WAIT,Scanning...,101307.22204004321,-,-,TRUE
2023-11-15 03:49:54,BTC/USD,WAIT,LOW_VOL,0.1150,0,0%,0,-,WAIT,Scanning...,101332.52354404921,-,-,TRUE
2023-11-15 03:49:56,BTC/USD,ARM,LOW_VOL,0.1700,0,0%,0,-,WAIT,⚠️ Signal Building...,101357.82504805522,-,-,TRUE
2023-11-15 03:49:58,BTC/USD,ARM,LOW_VOL,0.2251,0,0%,0,-,WAIT,⚠️ Signal Building...,101383.12655206124,-,-,TRUE
2023-11-15 03:50:00,BTC/USD,WAIT,LOW_VOL,0.2251,0,0%,0,-,WAIT,Scanning...,101408.42805606723,-,-,TRUE
2023-11-15 03:50:02,BTC/USD,ARM,LOW_VOL,0.2251,0,0%,0,-,WAIT,⚠️ Signal Building...,101433.79030392406,-,-,TRUE
2023-11-15 03:50:04,BTC/USD,ARM,LOW_VOL,0.2251,0,0%,0,-,WAIT,⚠️ Signal Building...,101459.15255178088,-,-,TRUE
2023-11-15 03:50:06,BTC/USD,WAIT,LOW_VOL,0.2251,0,0%,0,-,WAIT,Scanning...,101484.51479963769,-,-,TRUE
2023-11-15 03:50:08,BTC/USD,ARM,LOW_VOL,0.2251,0,0%,0,-,WAIT,⚠️ Signal Building...,101509.87704749452,-,-,TRUE
2023-11-15 03:50:10,BTC/USD,ARM,LOW_VOL,0.2251,0,0%,0,-,WAIT,⚠️ Signal Building...,101535.23929535135,-,-,TRUE
2023-11-15 03:50:12,BTC/USD,WAIT,LOW_VOL,0.2251,0,0%,0,-,WAIT,Scanning...,101560.60154320816,-,-,TRUE
2023-11-15 03:50:14,BTC/USD,ARM,LOW_VOL,0.2251,0,0%,0,-,WAIT,⚠️ Signal Building...,101585.96379106498,-,-,TRUE
2023-11-15 03:50:16,BTC/USD,ARM,LOW_VOL,0.2251,0,0%,0,-,WAIT,⚠️ Signal Building...,101611.3260389218,-,-,TRUE
2023-11-15 03:50:18,BTC/USD,WAIT,LOW_VOL,0.2251,0,0%,0,-,WAIT,Scanning...,101636.68828677863,-,-,TRUE
2023-11-15 03:50:20,BTC/USD,ARM,LOW_VOL,0.2250,0,0%,0,-,WAIT,⚠️ Signal Building...,101662.05053463545,-,-,TRUE
2023-11-15 03:50:22,BTC/USD,WAIT,LOW_VOL,0.1700,0,0%,0,-,WAIT,Scanning...,101631.61786537583,-,-,TRUE
2023-11-15 03:50:24,BTC/USD,WAIT,LOW_VOL,0.1150,0,0%,0,-,WAIT,Scanning...,101601.1851961162,-,-,TRUE
2023-11-15 03:50:26,BTC/USD,WAIT,LOW_VOL,0.0600,0,0%,0,-,WAIT,Scanning...,101570.75252685658,-,-,TRUE
2023-11-15 03:50:28,BTC/USD,WAIT,LOW_VOL,0.0050,0,0%,0,-,WAIT,Scanning...,101540.31985759696,-,-,TRUE
2023-11-15 03:50:30,BTC/USD,WAIT,LOW_VOL,-0.0499,0,0%,0,-,WAIT,Scanning...,101509.88718833734,-,-,TRUE
2023-11-15 03:50:32,BTC/USD,WAIT,LOW_VOL,-0.1048,0,0%,0,-,WAIT,Scanning...,101479.4545190777,-,-,TRUE
2023-11-15 03:50:34,BTC/USD,ARM,LOW_VOL,-0.1597,0,0%,0,-,WAIT,⚠️ Signal Building...,101449.02184981808,-,-,TRUE
2023-11-15 03:50:36,BTC/USD,ARM,LOW_VOL,-0.2146,0,0%,0,-,WAIT,⚠️ Signal Building...,101418.58918055845,-,-,TRUE
2023-11-15 03:50:38,BTC/USD,WAIT,LOW_VOL,-0.2694,0,0%,0,-,WAIT,Scanning...,101388.15651129883,-,-,TRUE
2023-11-15 03:50:40,BTC/USD,ARM,LOW_VOL,-0.2695,0,0%,0,-,WAIT,⚠️ Signal Building...,101357.72384203921,-,-,TRUE
2023-11-15 03:50:42,BTC/USD,ARM,LOW_VOL,-0.2147,0,0%,0,-,WAIT,⚠️ Signal Building...,101383.07594905322,-,-,TRUE
2023-11-15 03:50:44,BTC/USD,WAIT,LOW_VOL,-0.1598,0,0%,0,-,WAIT,Scanning...,101408.42805606723,-,-,TRUE
2023-11-15 03:50:46,BTC/USD,WAIT,LOW_VOL,-0.1049,0,0%,0,-,WAIT,Scanning...,101433.78016308126,-,-,TRUE
2023-11-15 03:50:48,BTC/USD,WAIT,LOW_VOL,-0.0500,0,0%,0,-,WAIT,Scanning...,101459.13227009527,-,-,TRUE
2023-11-15 03:50:50,BTC/USD,WAIT,LOW_VOL,0.0050,0,0%,0,-,WAIT,Scanning...,101484.48437710929,-,-,TRUE
2023-11-15 03:50:52,BTC/USD,WAIT,LOW_VOL,0.0599,0,0%,0,-,WAIT,Scanning...,101509.8364841233,-,-,TRUE
2023-11-15 03:50:54,BTC/USD,WAIT,LOW_VOL,0.1150,0,0%,0,-,WAIT,Scanning...,101535.18859113731,-,-,TRUE
2023-11-15 03:50:56,BTC/USD,ARM,LOW_VOL,0.1700,0,0%,0,-,WAIT,⚠️ Signal Building...,101560.54069815134,-,-,TRUE
2023-11-15 03:50:58,BTC/USD,ARM,LOW_VOL,0.2251,0,0%,0,-,WAIT,⚠️ Signal Building...,101585.89280516535,-,-,TRUE
2023-11-15 03:51:00,BTC/USD,WAIT,LOW_VOL,0.2251,0,0%,0,-,WAIT,Scanning...,101611.24491217936,-,-,TRUE
2023-11-15 03:51:02,BTC/USD,ARM,LOW_VOL,0.2251,0,0%,0,-,WAIT,⚠️ Signal Building...,101636.6578845319,-,-,TRUE
2023-11-15 03:51:04,BTC/USD,ARM,LOW_VOL,0.2251,0,0%,0,-,WAIT,⚠️ Signal Building...,101662.07085688443,-,-,TRUE
2023-11-15 03:51:06,BTC/USD,WAIT,LOW_VOL,0.2251,0,0%,0,-,WAIT,Scanning...,101687.48382923697,-,-,TRUE
2023-11-15 03:51:08,BTC/USD,ARM,LOW_VOL,0.2251,0,0%,0,-,WAIT,⚠️ Signal Building...,101712.89680158951,-,-,TRUE
2023-11-15 03:51:10,BTC/USD,ARM,LOW_VOL,0.2251,0,0%,0,-,WAIT,⚠️ Signal Building...,101738.30977394205,-,-,TRUE
2023-11-15 03:51:12,BTC/USD,WAIT,LOW_VOL,0.2251,0,0%,0,-,WAIT,Scanning...,101763.72274629457,-,-,TRUE
2023-11-15 03:51:14,BTC/USD,ARM,LOW_VOL,0.2251,0,0%,0,-,WAIT,⚠️ Signal Building...,101789.13571864711,-,-,TRUE
2023-11-15 03:51:16,BTC/USD,ARM,LOW_VOL,0.2251,0,0%,0,-,WAIT,⚠️ Signal Building...,101814.54869099965,-,-,TRUE
2023-11-15 03:51:18,BTC/USD,WAIT,LOW_VOL,0.2251,0,0%,0,-,WAIT,Scanning...,101839.96166335218,-,-,TRUE
2023-11-15 03:51:20,BTC/USD,ARM,LOW_VOL,0.2250,0,0%,0,-,WAIT,⚠️ Signal Building...,101865.37463570472,-,-,TRUE
2023-11-15 03:51:22,BTC/USD,WAIT,LOW_VOL,0.1700,0,0%,0,-,WAIT,Scanning...,101834.88110110657,-,-,TRUE
2023-11-15 03:51:24,BTC/USD,WAIT,LOW_VOL,0.1150,0,0%,0,-,WAIT,Scanning...,101804.38756650843,-,-,TRUE
2023-11-15 03:51:26,BTC/USD,WAIT,LOW_VOL,0.0600,0,0%,0,-,WAIT,Scanning...,101773.89403191028,-,-,TRUE
2023-11-15 03:51:28,BTC/USD,WAIT,LOW_VOL,0.0050,0,0%,0,-,WAIT,Scanning...,101743.40049731215,-,-,TRUE
2023-11-15 03:51:30,BTC/USD,WAIT,LOW_VOL,-0.0499,0,0%,0,-,WAIT,Scanning...,101712.906962714,-,-,TRUE
2023-11-15 03:51:32,BTC/USD,WAIT,LOW_VOL,-0.1048,0,0%,0,-,WAIT,Scanning...,101682.41342811585,-,-,TRUE
2023-11-15 03:51:34,BTC/USD,ARM,LOW_VOL,-0.1597,0,0%,0,-,WAIT,⚠️ Signal Building...,101651.91989351771,-,-,TRUE
2023-11-15 03:51:36,BTC/USD,ARM,LOW_VOL,-0.2146,0,0%,0,-,WAIT,⚠️ Signal Building...,101621.42635891956,-,-,TRUE
2023-11-15 03:51:38,BTC/USD,WAIT,LOW_VOL,-0.2694,0,0%,0,-,WAIT,Scanning...,101590.93282432143,-,-,TRUE
2023-11-15 03:51:40,BTC/USD,ARM,LOW_VOL,-0.2695,0,0%,0,-,WAIT,⚠️ Signal Building...,101560.43928972328,-,-,TRUE
2023-11-15 03:51:42,BTC/USD,ARM,LOW_VOL,-0.2147,0,0%,0,-,WAIT,⚠️ Signal Building...,101585.84210095133,-,-,TRUE
2023-11-15 03:51:44,BTC/USD,WAIT,LOW_VOL,-0.1598,0,0%,0,-,WAIT,Scanning...,101611.24491217936,-,-,TRUE
2023-11-15 03:51:46,BTC/USD,WAIT,LOW_VOL,-0.1049,0,0%,0,-,WAIT,Scanning...,101636.64772340741,-,-,TRUE
2023-11-15 03:51:48,BTC/USD,WAIT,LOW_VOL,-0.0500,0,0%,0,-,WAIT,Scanning...,101662.05053463545,-,-,TRUE
2023-11-15 03:51:50,BTC/USD,WAIT,LOW_VOL,0.0050,0,0%,0,-,WAIT,Scanning...,101687.4533458635,-,-,TRUE
2023-11-15 03:51:52,BTC/USD,WAIT,LOW_VOL,0.0599,0,0%,0,-,WAIT,Scanning...,101712.85615709155,-,-,TRUE
2023-11-15 03:51:54,BTC/USD,WAIT,LOW_VOL,0.1150,0,0%,0,-,WAIT,Scanning...,101738.25896831958,-,-,TRUE
2023-11-15 03:51:56,BTC/USD,ARM,LOW_VOL,0.1700,0,0%,0,-,WAIT,⚠️ Signal Building...,101763.66177954763,-,-,TRUE
2023-11-15 03:51:58,BTC/USD,ARM,LOW_VOL,0.2251,0,0%,0,-,WAIT,⚠️ Signal Building...,101789.06459077567,-,-,TRUE
2023-11-15 03:52:00,BTC/USD,WAIT,LOW_VOL,0.2251,0,0%,0,-,WAIT,Scanning...,101814.46740200372,-,-,TRUE
2023-11-15 03:52:02,BTC/USD,ARM,LOW_VOL,0.2251,0,0%,0,-,WAIT,⚠️ Signal Building...,101839.93120030095,-,-,TRUE
2023-11-15 03:52:04,BTC/USD,ARM,LOW_VOL,0.2251,0,0%,0,-,WAIT,⚠️ Signal Building...,101865.3949985982,-,-,TRUE
2023-11-15 03:52:06,BTC/USD,WAIT,LOW_VOL,0.2251,0,0%,0,-,WAIT,Scanning...,101890.85879689544,-,-,TRUE
2023-11-15 03:52:08,BTC/USD,ARM,LOW_VOL,0.2251,0,0%,0,-,WAIT,⚠️ Signal Building...,101916.32259519269,-,-,TRUE
2023-11-15 03:52:10,BTC/USD,ARM,LOW_VOL,0.2251,0,0%,0,-,WAIT,⚠️ Signal Building...,101941.78639348992,-,-,TRUE
2023-11-15 03:52:12,BTC/USD,WAIT,LOW_VOL,0.2251,0,0%,0,-,WAIT,Scanning...,101967.25019178716,-,-,TRUE
2023-11-15 03:52:14,BTC/USD,ARM,LOW_VOL,0.2251,0,0%,0,-,WAIT,⚠️ Signal Building...,101992.7139900844,-,-,TRUE
2023-11-15 03:52:16,BTC/USD,ARM,LOW_VOL,0.2251,0,0%,0,-,WAIT,⚠️ Signal Building...,102018.17778838164,-,-,TRUE
2023-11-15 03:52:18,BTC/USD,WAIT,LOW_VOL,0.2251,0,0%,0,-,WAIT,Scanning...,102043.64158667889,-,-,TRUE
2023-11-15 03:52:20,BTC/USD,ARM,LOW_VOL,0.2250,0,0%,0,-,WAIT,⚠️ Signal Building...,102069.10538497612,-,-,TRUE
2023-11-15 03:52:22,BTC/USD,WAIT,LOW_VOL,0.1700,0,0%,0,-,WAIT,Scanning...,102038.55086330879,-,-,TRUE
2023-11-15 03:52:24,BTC/USD,WAIT,LOW_VOL,0.1150,0,0%,0,-,WAIT,Scanning...,102007.99634164144,-,-,TRUE
2023-11-15 03:52:26,BTC/USD,WAIT,LOW_VOL,0.0600,0,0%,0,-,WAIT,Scanning...,101977.4418199741,-,-,TRUE
2023-11-15 03:52:28,BTC/USD,WAIT,LOW_VOL,0.0050,0,0%,0,-,WAIT,Scanning...,101946.88729830676,-,-,TRUE
2023-11-15 03:52:30,BTC/USD,WAIT,LOW_VOL,-0.0499,0,0%,0,-,WAIT,Scanning...,101916.33277663942,-,-,TRUE
2023-11-15 03:52:32,BTC/USD,WAIT,LOW_VOL,-0.1048,0,0%,0,-,WAIT,Scanning...,101885.77825497209,-,-,TRUE
2023-11-15 03:52:34,BTC/USD,ARM,LOW_VOL,-0.1597,0,0%,0,-,WAIT,⚠️ Signal Building...,101855.22373330474,-,-,TRUE
2023-11-15 03:52:36,BTC/USD,ARM,LOW_VOL,-0.2146,0,0%,0,-,WAIT,⚠️ Signal Building...,101824.6692116374,-,-,TRUE
2023-11-15 03:52:38,BTC/USD,WAIT,LOW_VOL,-0.2694,0,0%,0,-,WAIT,Scanning...,101794.11468997005,-,-,TRUE
2023-11-15 03:52:40,BTC/USD,ARM,LOW_VOL,-0.2695,0,0%,0,-,WAIT,⚠️ Signal Building...,101763.56016830272,-,-,TRUE
2023-11-15 03:52:42,BTC/USD,ARM,LOW_VOL,-0.2147,0,0%,0,-,WAIT,⚠️ Signal Building...,101789.01378515322,-,-,TRUE
2023-11-15 03:52:44,BTC/USD,WAIT,LOW_VOL,-0.1598,0,0%,0,-,WAIT,Scanning...,101814.46740200372,-,-,TRUE
2023-11-15 03:52:46,BTC/USD,WAIT,LOW_VOL,-0.1049,0,0%,0,-,WAIT,Scanning...,101839.92101885422,-,-,TRUE
2023-11-15 03:52:48,BTC/USD,WAIT,LOW_VOL,-0.0500,0,0%,0,-,WAIT,Scanning...,101865.37463570472,-,-,TRUE
2023-11-15 03:52:50,BTC/USD,WAIT,LOW_VOL,0.0050,0,0%,0,-,WAIT,Scanning...,101890.82825255522,-,-,TRUE
2023-11-15 03:52:52,BTC/USD,WAIT,LOW_VOL,0.0599,0,0%,0,-,WAIT,Scanning...,101916.28186940572,-,-,TRUE
2023-11-15 03:52:54,BTC/USD,WAIT,LOW_VOL,0.1150,0,0%,0,-,WAIT,Scanning...,101941.73548625622,-,-,TRUE
2023-11-15 03:52:56,BTC/USD,ARM,LOW_VOL,0.1700,0,0%,0,-,WAIT,⚠️ Signal Building...,101967.18910310672,-,-,TRUE
2023-11-15 03:52:58,BTC/USD,ARM,LOW_VOL,0.2251,0,0%,0,-,WAIT,⚠️ Signal Building...,101992.64271995722,-,-,TRUE
